<?xml version="1.0" encoding="UTF-8"?>
<metadata xml:lang="en"><Esri><CreaDate>20200205</CreaDate><CreaTime>11073100</CreaTime><ArcGISFormat>1.0</ArcGISFormat><SyncOnce>FALSE</SyncOnce><DataProperties><itemProps><itemName Sync="TRUE">kelani_basin_hec</itemName><imsContentType Sync="TRUE">002</imsContentType><itemSize Sync="TRUE">0.000</itemSize><itemLocation><linkage Sync="TRUE">file://\\DESKTOP-D1P2CKR\C$\Users\cfcwm\Documents\ArcGIS\Projects\Kelani_hydro\Kelani_hydro.gdb</linkage><protocol Sync="TRUE">Local Area Network</protocol></itemLocation></itemProps><coordRef><type Sync="TRUE">Projected</type><geogcsn Sync="TRUE">GCS_SLD99</geogcsn><projcsn Sync="TRUE">SLD99_Sri_Lanka_Grid_1999</projcsn><peXml Sync="TRUE">&lt;ProjectedCoordinateSystem xsi:type='typens:ProjectedCoordinateSystem' xmlns:xsi='http://www.w3.org/2001/XMLSchema-instance' xmlns:xs='http://www.w3.org/2001/XMLSchema' xmlns:typens='http://www.esri.com/schemas/ArcGIS/10.5'&gt;&lt;WKT&gt;PROJCS[&amp;quot;SLD99_Sri_Lanka_Grid_1999&amp;quot;,GEOGCS[&amp;quot;GCS_SLD99&amp;quot;,DATUM[&amp;quot;D_Sri_Lanka_Datum_1999&amp;quot;,SPHEROID[&amp;quot;Everest_Adjustment_1937&amp;quot;,6377276.345,300.8017]],PRIMEM[&amp;quot;Greenwich&amp;quot;,0.0],UNIT[&amp;quot;Degree&amp;quot;,0.0174532925199433]],PROJECTION[&amp;quot;Transverse_Mercator&amp;quot;],PARAMETER[&amp;quot;False_Easting&amp;quot;,500000.0],PARAMETER[&amp;quot;False_Northing&amp;quot;,500000.0],PARAMETER[&amp;quot;Central_Meridian&amp;quot;,80.77171308333334],PARAMETER[&amp;quot;Scale_Factor&amp;quot;,0.9999238418],PARAMETER[&amp;quot;Latitude_Of_Origin&amp;quot;,7.000471527777778],UNIT[&amp;quot;Meter&amp;quot;,1.0],AUTHORITY[&amp;quot;EPSG&amp;quot;,5235]],VERTCS[&amp;quot;MSL_Height&amp;quot;,VDATUM[&amp;quot;Mean_Sea_Level&amp;quot;],PARAMETER[&amp;quot;Vertical_Shift&amp;quot;,0.0],PARAMETER[&amp;quot;Direction&amp;quot;,1.0],UNIT[&amp;quot;Meter&amp;quot;,1.0],AUTHORITY[&amp;quot;EPSG&amp;quot;,5714]]&lt;/WKT&gt;&lt;XOrigin&gt;-5121900&lt;/XOrigin&gt;&lt;YOrigin&gt;-10274100&lt;/YOrigin&gt;&lt;XYScale&gt;10000&lt;/XYScale&gt;&lt;ZOrigin&gt;-100000&lt;/ZOrigin&gt;&lt;ZScale&gt;10000&lt;/ZScale&gt;&lt;MOrigin&gt;-100000&lt;/MOrigin&gt;&lt;MScale&gt;10000&lt;/MScale&gt;&lt;XYTolerance&gt;0.001&lt;/XYTolerance&gt;&lt;ZTolerance&gt;0.001&lt;/ZTolerance&gt;&lt;MTolerance&gt;0.001&lt;/MTolerance&gt;&lt;HighPrecision&gt;true&lt;/HighPrecision&gt;&lt;WKID&gt;5235&lt;/WKID&gt;&lt;LatestWKID&gt;5235&lt;/LatestWKID&gt;&lt;VCSWKID&gt;5714&lt;/VCSWKID&gt;&lt;LatestVCSWKID&gt;5714&lt;/LatestVCSWKID&gt;&lt;/ProjectedCoordinateSystem&gt;</peXml><csUnits Sync="TRUE">Linear Unit: Meter (1.000000)</csUnits></coordRef><lineage><Process ToolSource="C:\Program Files\ArcGIS\Desktop10.0\ArcToolbox\Toolboxes\Data Management Tools.tbx\Merge" Date="20110826" Time="134001">Merge Extra;NM_Main_Catchments "F:\MIKE BASIN\MBModel_Sri Lanka(2)_Southern Model_21July2011\Main Catchments\Northern Model_Main Catchments.shp" "OBJECTID "OBJECTID" true true false 9 Long 0 9 ,First,#,Extra,OBJECTID,-1,-1,NM_Main_Catchments,OBJECTID,-1,-1;Shape_Leng "Shape_Leng" true true false 19 Double 0 0 ,First,#,Extra,Shape_Leng,-1,-1;Shape_Area "Shape_Area" true true false 19 Double 0 0 ,First,#,Extra,Shape_Area,-1,-1;DHI_ID "DHI_ID" true true false 9 Long 0 9 ,First,#,Extra,DHI_ID,-1,-1,NM_Main_Catchments,DHI_ID,-1,-1;CatchmentN "CatchmentN" true true false 80 Text 0 0 ,First,#,Extra,CatchmentN,-1,-1,NM_Main_Catchments,CatchmentN,-1,-1;Category "Category" true true false 80 Text 0 0 ,First,#,Extra,Category,-1,-1,NM_Main_Catchments,Category,-1,-1;ModelType "ModelType" true true false 9 Long 0 9 ,First,#,Extra,ModelType,-1,-1;UpperNode "UpperNode" true true false 9 Long 0 9 ,First,#,Extra,UpperNode,-1,-1;AssignedAr "AssignedAr" true true false 19 Double 0 0 ,First,#,Extra,AssignedAr,-1,-1;UseShapeAr "UseShapeAr" true true false 4 Short 0 4 ,First,#,Extra,UseShapeAr,-1,-1;OutletNode "OutletNode" true true false 9 Long 0 9 ,First,#,Extra,OutletNode,-1,-1;AllowDelin "AllowDelin" true true false 4 Short 0 4 ,First,#,Extra,AllowDelin,-1,-1;AreaSqKm "AreaSqKm" true true false 19 Double 0 0 ,First,#,Extra,AreaSqKm,-1,-1,NM_Main_Catchments,AreaSqKm,-1,-1;InOutput "InOutput" true true false 4 Short 0 4 ,First,#,Extra,InOutput,-1,-1;RainfallTS "RainfallTS" true true false 9 Long 0 9 ,First,#,Extra,RainfallTS,-1,-1;Temperatur "Temperatur" true true false 9 Long 0 9 ,First,#,Extra,Temperatur,-1,-1;TotalRunof "TotalRunof" true true false 9 Long 0 9 ,First,#,Extra,TotalRunof,-1,-1;WQInGWRech "WQInGWRech" true true false 9 Long 0 9 ,First,#,Extra,WQInGWRech,-1,-1;WQInTotalR "WQInTotalR" true true false 9 Long 0 9 ,First,#,Extra,WQInTotalR,-1,-1;GWRecharge "GWRecharge" true true false 9 Long 0 9 ,First,#,Extra,GWRecharge,-1,-1;ObservedDi "ObservedDi" true true false 9 Long 0 9 ,First,#,Extra,ObservedDi,-1,-1;PotentialE "PotentialE" true true false 9 Long 0 9 ,First,#,Extra,PotentialE,-1,-1;ICMParamet "ICMParamet" true true false 9 Long 0 9 ,First,#,Extra,ICMParamet,-1,-1;InterflowT "InterflowT" true true false 9 Long 0 9 ,First,#,Extra,InterflowT,-1,-1;BaseflowTS "BaseflowTS" true true false 9 Long 0 9 ,First,#,Extra,BaseflowTS,-1,-1;Overlandfl "Overlandfl" true true false 9 Long 0 9 ,First,#,Extra,Overlandfl,-1,-1;Catch_No "Catch_No" true true false 19 Double 0 0 ,First,#,NM_Main_Catchments,Catch_No,-1,-1"</Process><Process ToolSource="C:\Program Files\ArcGIS\Desktop10.0\ArcToolbox\Toolboxes\Data Management Tools.tbx\Merge" Date="20110829" Time="135513">Merge Export_Output;'Main Catchments' C:\Users\DELL\Documents\ArcGIS\Default.gdb\Export_Output_Merge "OBJECTID "OBJECTID" true true false 9 Long 0 9 ,First,#,Export_Output,OBJECTID,-1,-1,Main Catchments,OBJECTID,-1,-1;Shape_Leng "Shape_Leng" true true false 19 Double 0 0 ,First,#,Export_Output,Shape_Leng,-1,-1,Main Catchments,Shape_Leng,-1,-1;Shape_Area "Shape_Area" true true false 19 Double 0 0 ,First,#,Export_Output,Shape_Area,-1,-1,Main Catchments,Shape_Area,-1,-1;DHI_ID "DHI_ID" true true false 9 Long 0 9 ,First,#,Export_Output,DHI_ID,-1,-1,Main Catchments,DHI_ID,-1,-1;CatchmentN "CatchmentN" true true false 80 Text 0 0 ,First,#,Export_Output,CatchmentN,-1,-1,Main Catchments,CatchmentN,-1,-1;Category "Category" true true false 80 Text 0 0 ,First,#,Export_Output,Category,-1,-1,Main Catchments,Category,-1,-1;AreaSqKm "AreaSqKm" true true false 19 Double 0 0 ,First,#,Export_Output,AreaSqKm,-1,-1,Main Catchments,AreaSqKm,-1,-1;Catch_No "Catch_No" true true false 19 Double 0 0 ,First,#,Export_Output,Catch_No,-1,-1,Main Catchments,Catch_No,-1,-1"</Process><Process ToolSource="c:\program files (x86)\arcgis\desktop10.5\ArcToolbox\Toolboxes\Conversion Tools.tbx\FeatureClassToFeatureClass" Date="20180814" Time="163526">FeatureClassToFeatureClass Export_Output C:\Users\cfcwm\Documents\ArcGIS\Base_layers.gdb\Base_layers kelani_basin_hec # "OBJECTID_1 "OBJECTID_1" true true false 10 Long 0 10 ,First,#,Export_Output,OBJECTID_1,-1,-1;OBJECTID_2 "OBJECTID_2" true true false 10 Long 0 10 ,First,#,Export_Output,OBJECTID_2,-1,-1;OBJECTID "OBJECTID" true true false 10 Long 0 10 ,First,#,Export_Output,OBJECTID,-1,-1;Shape_Leng "Shape_Leng" true true false 19 Double 0 0 ,First,#,Export_Output,Shape_Leng,-1,-1;DHI_ID "DHI_ID" true true false 10 Long 0 10 ,First,#,Export_Output,DHI_ID,-1,-1;CatchmentN "CatchmentN" true true false 80 Text 0 0 ,First,#,Export_Output,CatchmentN,-1,-1;Category "Category" true true false 80 Text 0 0 ,First,#,Export_Output,Category,-1,-1;AreaSqKm "AreaSqKm" true true false 19 Double 0 0 ,First,#,Export_Output,AreaSqKm,-1,-1;Catch_No "Catch_No" true true false 19 Double 0 0 ,First,#,Export_Output,Catch_No,-1,-1;Shape_Le_1 "Shape_Le_1" true true false 19 Double 0 0 ,First,#,Export_Output,Shape_Le_1,-1,-1;Area "Area" true true false 19 Double 0 0 ,First,#,Export_Output,Area,-1,-1;Longest_fl "Longest_fl" true true false 19 Double 0 0 ,First,#,Export_Output,Longest_fl,-1,-1;Slope "Slope" true true false 19 Double 0 0 ,First,#,Export_Output,Slope,-1,-1;CN "CN" true true false 19 Double 0 0 ,First,#,Export_Output,CN,-1,-1;Name "Name" true true false 50 Text 0 0 ,First,#,Export_Output,Name,-1,-1;Shape_Le_2 "Shape_Le_2" true true false 19 Double 0 0 ,First,#,Export_Output,Shape_Le_2,-1,-1;Shape_Area "Shape_Area" true true false 19 Double 0 0 ,First,#,Export_Output,Shape_Area,-1,-1;Name_of_Su "Name_of_Su" true true false 50 Text 0 0 ,First,#,Export_Output,Name_of_Su,-1,-1" #</Process><Process ToolSource="c:\program files (x86)\arcgis\desktop10.5\ArcToolbox\Toolboxes\Data Management Tools.tbx\CopyFeatures" Date="20180827" Time="124040">CopyFeatures kelani_basin_hec C:\Users\cfcwm\Documents\ArcGIS\Projects\Kelani_hydro\Kelani_hydro.gdb\kelani_basin_hec # 0 0 0</Process><Process ToolSource="c:\program files (x86)\arcgis\desktop10.6\ArcToolbox\Toolboxes\Data Management Tools.tbx\Project" Date="20200205" Time="110701">Project kelani_basin_hec H:\check\Kalani_Catment_data\Kalani_basin\kelani_basin_hec_K.shp GEOGCS['GCS_Kandawala',DATUM['D_Kandawala',SPHEROID['Everest_Adjustment_1937',6377276.345,300.8017]],PRIMEM['Greenwich',0.0],UNIT['Degree',0.0174532925199433]] 'SLD99_To_WGS_1984_1 + Kandawala_To_WGS_1984' PROJCS['SLD99_Sri_Lanka_Grid_1999',GEOGCS['GCS_SLD99',DATUM['D_Sri_Lanka_Datum_1999',SPHEROID['Everest_Adjustment_1937',6377276.345,300.8017]],PRIMEM['Greenwich',0.0],UNIT['Degree',0.0174532925199433]],PROJECTION['Transverse_Mercator'],PARAMETER['False_Easting',500000.0],PARAMETER['False_Northing',500000.0],PARAMETER['Central_Meridian',80.77171308333334],PARAMETER['Scale_Factor',0.9999238418],PARAMETER['Latitude_Of_Origin',7.000471527777778],UNIT['Meter',1.0]],VERTCS['MSL_Height',VDATUM['Mean_Sea_Level'],PARAMETER['Vertical_Shift',0.0],PARAMETER['Direction',1.0],UNIT['Meter',1.0]] NO_PRESERVE_SHAPE # NO_VERTICAL</Process><Process ToolSource="c:\program files (x86)\arcgis\desktop10.6\ArcToolbox\Toolboxes\Data Management Tools.tbx\Project" Date="20200205" Time="110732">Project kelani_basin_hec_K H:\check\Kalani_Catment_data\Kalani_basin\kelani_basin_hec_wgs.shp GEOGCS['GCS_WGS_1984',DATUM['D_WGS_1984',SPHEROID['WGS_1984',6378137.0,298.257223563]],PRIMEM['Greenwich',0.0],UNIT['Degree',0.0174532925199433]] Kandawala_To_WGS_1984 GEOGCS['GCS_Kandawala',DATUM['D_Kandawala',SPHEROID['Everest_Adjustment_1937',6377276.345,300.8017]],PRIMEM['Greenwich',0.0],UNIT['Degree',0.0174532925199433]] NO_PRESERVE_SHAPE # NO_VERTICAL</Process></lineage><copyHistory><copy source="I:\Data\SL Catchments_08Sep2011\Main_Catchments_Model" dest="\\ARUNA-PC\I$\Data\SL General Info\Kandawala\Main_Catchments_Model" date="20160609" time="12185100"></copy></copyHistory></DataProperties><SyncDate>20180827</SyncDate><SyncTime>12404000</SyncTime><ModDate>20180827</ModDate><ModTime>12404000</ModTime></Esri><dataIdInfo><envirDesc Sync="TRUE"> Version 6.2 (Build 9200) ; Esri ArcGIS 10.5.0.6491</envirDesc><dataLang><languageCode value="eng" country="USA"></languageCode><countryCode value="USA" Sync="TRUE"></countryCode></dataLang><idCitation><resTitle Sync="TRUE">kelani_basin_hec</resTitle><presForm><PresFormCd value="005"></PresFormCd></presForm></idCitation><descKeys><thesaName uuidref="723f6998-058e-11dc-8314-0800200c9a66"></thesaName><keyword Sync="TRUE">002</keyword></descKeys><spatRpType><SpatRepTypCd value="001"></SpatRepTypCd></spatRpType></dataIdInfo><mdLang><languageCode value="eng"></languageCode><countryCode value="USA" Sync="TRUE"></countryCode></mdLang><mdChar><CharSetCd value="004"></CharSetCd></mdChar><distInfo><distFormat><formatName Sync="TRUE">File Geodatabase Feature Class</formatName></distFormat><distTranOps><transSize Sync="TRUE">0.000</transSize></distTranOps></distInfo><mdHrLv><ScopeCd value="005"></ScopeCd></mdHrLv><mdHrLvName Sync="TRUE">dataset</mdHrLvName><refSysInfo><RefSystem><refSysID><identCode code="0"></identCode><idCodeSpace Sync="TRUE">EPSG</idCodeSpace><idVersion Sync="TRUE">7.5.9(10.1.0)</idVersion></refSysID></RefSystem></refSysInfo><spdoinfo><ptvctinf><esriterm Name="kelani_basin_hec"><efeatyp Sync="TRUE">Simple</efeatyp><efeageom code="4" Sync="TRUE"></efeageom><esritopo Sync="TRUE">FALSE</esritopo><efeacnt Sync="TRUE">0</efeacnt><spindex Sync="TRUE">TRUE</spindex><linrefer Sync="TRUE">TRUE</linrefer></esriterm></ptvctinf></spdoinfo><spatRepInfo><VectSpatRep><geometObjs Name="kelani_basin_hec"><geoObjTyp><GeoObjTypCd value="002" Sync="TRUE"></GeoObjTypCd></geoObjTyp><geoObjCnt Sync="TRUE">0</geoObjCnt></geometObjs><topLvl><TopoLevCd value="001" Sync="TRUE"></TopoLevCd></topLvl></VectSpatRep></spatRepInfo><eainfo><detailed Name="kelani_basin_hec"><enttyp><enttypl Sync="TRUE">kelani_basin_hec</enttypl><enttypt Sync="TRUE">Feature Class</enttypt><enttypc Sync="TRUE">0</enttypc></enttyp><attr><attrlabl Sync="TRUE">OBJECTID_12</attrlabl><attalias Sync="TRUE">OBJECTID_12</attalias><attrtype Sync="TRUE">OID</attrtype><attwidth Sync="TRUE">4</attwidth><atprecis Sync="TRUE">0</atprecis><attscale Sync="TRUE">0</attscale><attrdef Sync="TRUE">Internal feature number.</attrdef><attrdefs Sync="TRUE">Esri</attrdefs><attrdomv><udom Sync="TRUE">Sequential unique whole numbers that are automatically generated.</udom></attrdomv></attr><attr><attrlabl Sync="TRUE">OBJECTID_1</attrlabl><attalias Sync="TRUE">OBJECTID_1</attalias><attrtype Sync="TRUE">Integer</attrtype><attwidth Sync="TRUE">4</attwidth><atprecis Sync="TRUE">0</atprecis><attscale Sync="TRUE">0</attscale><attrdef Sync="TRUE">Internal feature number.</attrdef><attrdefs Sync="TRUE">ESRI</attrdefs><attrdomv><udom Sync="TRUE">Sequential unique whole numbers that are automatically generated.</udom></attrdomv></attr><attr><attrlabl Sync="TRUE">Shape</attrlabl><attalias Sync="TRUE">Shape</attalias><attrtype Sync="TRUE">Geometry</attrtype><attwidth Sync="TRUE">0</attwidth><atprecis Sync="TRUE">0</atprecis><attscale Sync="TRUE">0</attscale><attrdef Sync="TRUE">Feature geometry.</attrdef><attrdefs Sync="TRUE">ESRI</attrdefs><attrdomv><udom Sync="TRUE">Coordinates defining the features.</udom></attrdomv></attr><attr><attrlabl Sync="TRUE">OBJECTID_2</attrlabl><attalias Sync="TRUE">OBJECTID_2</attalias><attrtype Sync="TRUE">Integer</attrtype><attwidth Sync="TRUE">4</attwidth><atprecis Sync="TRUE">0</atprecis><attscale Sync="TRUE">0</attscale></attr><attr><attrlabl Sync="TRUE">OBJECTID</attrlabl><attalias Sync="TRUE">OBJECTID</attalias><attrtype Sync="TRUE">Integer</attrtype><attwidth Sync="TRUE">4</attwidth><atprecis Sync="TRUE">0</atprecis><attscale Sync="TRUE">0</attscale></attr><attr><attrlabl Sync="TRUE">Shape_Leng</attrlabl><attalias Sync="TRUE">Shape_Leng</attalias><attrtype Sync="TRUE">Double</attrtype><attwidth Sync="TRUE">8</attwidth><atprecis Sync="TRUE">0</atprecis><attscale Sync="TRUE">0</attscale></attr><attr><attrlabl Sync="TRUE">Shape_Area</attrlabl><attalias Sync="TRUE">Shape_Area</attalias><attrtype Sync="TRUE">Double</attrtype><attwidth Sync="TRUE">8</attwidth><atprecis Sync="TRUE">0</atprecis><attscale Sync="TRUE">0</attscale><attrdef Sync="TRUE">Area of feature in internal units squared.</attrdef><attrdefs Sync="TRUE">ESRI</attrdefs><attrdomv><udom Sync="TRUE">Positive real numbers that are automatically generated.</udom></attrdomv></attr><attr><attrlabl Sync="TRUE">DHI_ID</attrlabl><attalias Sync="TRUE">DHI_ID</attalias><attrtype Sync="TRUE">Integer</attrtype><attwidth Sync="TRUE">4</attwidth><atprecis Sync="TRUE">0</atprecis><attscale Sync="TRUE">0</attscale></attr><attr><attrlabl Sync="TRUE">CatchmentN</attrlabl><attalias Sync="TRUE">CatchmentN</attalias><attrtype Sync="TRUE">String</attrtype><attwidth Sync="TRUE">80</attwidth><atprecis Sync="TRUE">0</atprecis><attscale Sync="TRUE">0</attscale></attr><attr><attrlabl Sync="TRUE">Category</attrlabl><attalias Sync="TRUE">Category</attalias><attrtype Sync="TRUE">String</attrtype><attwidth Sync="TRUE">80</attwidth><atprecis Sync="TRUE">0</atprecis><attscale Sync="TRUE">0</attscale></attr><attr><attrlabl Sync="TRUE">AreaSqKm</attrlabl><attalias Sync="TRUE">AreaSqKm</attalias><attrtype Sync="TRUE">Double</attrtype><attwidth Sync="TRUE">8</attwidth><atprecis Sync="TRUE">0</atprecis><attscale Sync="TRUE">0</attscale></attr><attr><attrlabl Sync="TRUE">Shape_Le_1</attrlabl><attalias Sync="TRUE">Shape_Le_1</attalias><attrtype Sync="TRUE">Double</attrtype><attwidth Sync="TRUE">8</attwidth><atprecis Sync="TRUE">0</atprecis><attscale Sync="TRUE">0</attscale></attr><attr><attrlabl Sync="TRUE">Area</attrlabl><attalias Sync="TRUE">Area</attalias><attrtype Sync="TRUE">Double</attrtype><attwidth Sync="TRUE">8</attwidth><atprecis Sync="TRUE">0</atprecis><attscale Sync="TRUE">0</attscale></attr><attr><attrlabl Sync="TRUE">Longest_fl</attrlabl><attalias Sync="TRUE">Longest_fl</attalias><attrtype Sync="TRUE">Double</attrtype><attwidth Sync="TRUE">8</attwidth><atprecis Sync="TRUE">0</atprecis><attscale Sync="TRUE">0</attscale></attr><attr><attrlabl Sync="TRUE">Slope</attrlabl><attalias Sync="TRUE">Slope</attalias><attrtype Sync="TRUE">Double</attrtype><attwidth Sync="TRUE">8</attwidth><atprecis Sync="TRUE">0</atprecis><attscale Sync="TRUE">0</attscale></attr><attr><attrlabl Sync="TRUE">CN</attrlabl><attalias Sync="TRUE">CN</attalias><attrtype Sync="TRUE">Double</attrtype><attwidth Sync="TRUE">8</attwidth><atprecis Sync="TRUE">0</atprecis><attscale Sync="TRUE">0</attscale></attr><attr><attrlabl Sync="TRUE">Name</attrlabl><attalias Sync="TRUE">Name</attalias><attrtype Sync="TRUE">String</attrtype><attwidth Sync="TRUE">50</attwidth><atprecis Sync="TRUE">0</atprecis><attscale Sync="TRUE">0</attscale></attr><attr><attrlabl Sync="TRUE">Shape_Le_2</attrlabl><attalias Sync="TRUE">Shape_Le_2</attalias><attrtype Sync="TRUE">Double</attrtype><attwidth Sync="TRUE">8</attwidth><atprecis Sync="TRUE">0</atprecis><attscale Sync="TRUE">0</attscale></attr><attr><attrlabl Sync="TRUE">Name_of_Su</attrlabl><attalias Sync="TRUE">Name_of_Su</attalias><attrtype Sync="TRUE">String</attrtype><attwidth Sync="TRUE">50</attwidth><atprecis Sync="TRUE">0</atprecis><attscale Sync="TRUE">0</attscale></attr><attr><attrlabl Sync="TRUE">Shape_Length</attrlabl><attalias Sync="TRUE">Shape_Length</attalias><attrtype Sync="TRUE">Double</attrtype><attwidth Sync="TRUE">8</attwidth><atprecis Sync="TRUE">0</atprecis><attscale Sync="TRUE">0</attscale><attrdef Sync="TRUE">Length of feature in internal units.</attrdef><attrdefs Sync="TRUE">ESRI</attrdefs><attrdomv><udom Sync="TRUE">Positive real numbers that are automatically generated.</udom></attrdomv></attr><attr><attrlabl Sync="TRUE">Catch_No</attrlabl><attalias Sync="TRUE">Catch_No</attalias><attrtype Sync="TRUE">Double</attrtype><attwidth Sync="TRUE">8</attwidth><atprecis Sync="TRUE">0</atprecis><attscale Sync="TRUE">0</attscale></attr></detailed></eainfo><mdDateSt Sync="TRUE">20180827</mdDateSt></metadata>
